{
    "n_inter": 4,
    "n_cars": 4,
    "tick": 0.10000000149011612,
    "r_lanes": [
        1
    ],
    "init": {
        "0": {
            "vel": 1,
            "lane": 0,
            "theta": 0,
            "src": 0,
            "dst": 1
        },
        "1": {
            "vel": 1,
            "lane": 0,
            "theta": 1.5707963705062867,
            "src": 1,
            "dst": 2
        },
        "2": {
            "vel": 1,
            "lane": 0,
            "theta": 3.1415927410125734,
            "src": 2,
            "dst": 3
        },
        "3": {
            "vel": 1,
            "lane": 0,
            "theta": 4.71238899230957,
            "src": 3,
            "dst": 0
        }
    }
}