{
    "n_inter": 36,
    "tick": 0.025,
    "r_lanes": [
        1
    ],
    "init": {
        "0": {
            "vel": 1,
            "lane": 0,
            "dst": 1,
            "theta": 0
        },
        "1": {
            "vel": 1,
            "lane": 0,
            "dst": 2,
            "theta": 0.1745329350233078
        },
        "2": {
            "vel": 1,
            "lane": 0,
            "dst": 3,
            "theta": 0.3490658700466156
        },
        "3": {
            "vel": 1,
            "lane": 0,
            "dst": 4,
            "theta": 0.5235987901687622
        },
        "4": {
            "vel": 1,
            "lane": 0,
            "dst": 5,
            "theta": 0.6981317400932312
        },
        "5": {
            "vel": 1,
            "lane": 0,
            "dst": 6,
            "theta": 0.8726646900177002
        },
        "6": {
            "vel": 1,
            "lane": 0,
            "dst": 7,
            "theta": 1.0471975803375245
        },
        "7": {
            "vel": 1,
            "lane": 0,
            "dst": 8,
            "theta": 1.2217305898666382
        },
        "8": {
            "vel": 1,
            "lane": 0,
            "dst": 9,
            "theta": 1.3962634801864625
        },
        "9": {
            "vel": 1,
            "lane": 0,
            "dst": 10,
            "theta": 1.5707963705062867
        },
        "10": {
            "vel": 1,
            "lane": 0,
            "dst": 11,
            "theta": 1.7453293800354005
        },
        "11": {
            "vel": 1,
            "lane": 0,
            "dst": 12,
            "theta": 1.9198622703552247
        },
        "12": {
            "vel": 1,
            "lane": 0,
            "dst": 13,
            "theta": 2.094395160675049
        },
        "13": {
            "vel": 1,
            "lane": 0,
            "dst": 14,
            "theta": 2.268928050994873
        },
        "14": {
            "vel": 1,
            "lane": 0,
            "dst": 15,
            "theta": 2.4434611797332765
        },
        "15": {
            "vel": 1,
            "lane": 0,
            "dst": 16,
            "theta": 2.6179940700531008
        },
        "16": {
            "vel": 1,
            "lane": 0,
            "dst": 17,
            "theta": 2.792526960372925
        },
        "17": {
            "vel": 1,
            "lane": 0,
            "dst": 18,
            "theta": 2.967059850692749
        },
        "18": {
            "vel": 1,
            "lane": 0,
            "dst": 19,
            "theta": 3.1415927410125734
        },
        "19": {
            "vel": 1,
            "lane": 0,
            "dst": 20,
            "theta": 3.3161258697509767
        },
        "20": {
            "vel": 1,
            "lane": 0,
            "dst": 21,
            "theta": 3.490658760070801
        },
        "21": {
            "vel": 1,
            "lane": 0,
            "dst": 22,
            "theta": 3.665191650390625
        },
        "22": {
            "vel": 1,
            "lane": 0,
            "dst": 23,
            "theta": 3.839724540710449
        },
        "23": {
            "vel": 1,
            "lane": 0,
            "dst": 24,
            "theta": 4.014257431030273
        },
        "24": {
            "vel": 1,
            "lane": 0,
            "dst": 25,
            "theta": 4.188790321350098
        },
        "25": {
            "vel": 1,
            "lane": 0,
            "dst": 26,
            "theta": 4.363323211669922
        },
        "26": {
            "vel": 1,
            "lane": 0,
            "dst": 27,
            "theta": 4.537856101989746
        },
        "27": {
            "vel": 1,
            "lane": 0,
            "dst": 28,
            "theta": 4.7123894691467289
        },
        "28": {
            "vel": 1,
            "lane": 0,
            "dst": 29,
            "theta": 4.886922359466553
        },
        "29": {
            "vel": 1,
            "lane": 0,
            "dst": 30,
            "theta": 5.061455249786377
        },
        "30": {
            "vel": 1,
            "lane": 0,
            "dst": 31,
            "theta": 5.235988140106201
        },
        "31": {
            "vel": 1,
            "lane": 0,
            "dst": 32,
            "theta": 5.410521030426025
        },
        "32": {
            "vel": 1,
            "lane": 0,
            "dst": 33,
            "theta": 5.58505392074585
        },
        "33": {
            "vel": 1,
            "lane": 0,
            "dst": 34,
            "theta": 5.759586811065674
        },
        "34": {
            "vel": 1,
            "lane": 0,
            "dst": 35,
            "theta": 5.934119701385498
        },
        "35": {
            "vel": 1,
            "lane": 0,
            "dst": 0,
            "theta": 6.108652591705322
        }
    }
}