{
    "n_inter": 4,
    "tick": 0.10000000149011612,
    "r_lanes": [
        1
    ],
    "init": {
        "0": {
            "vel": 1,
            "lane": 0,
            "dst": 1,
            "theta": 0
        },
        "1": {
            "vel": 1,
            "lane": 0,
            "dst": 2,
            "theta": 1.5707963705062867
        },
        "2": {
            "vel": 1,
            "lane": 0,
            "dst": 3,
            "theta": 3.1415927410125734
        },
        "3": {
            "vel": 1,
            "lane": 0,
            "dst": 0,
            "theta": 4.71238899230957
        }
    }
}