{
    "n_inter": 4,
    "tick": 0.10000000149011612,
    "r_lanes": [
        5,
        4,
        3,
        2,
        1
    ],
    "init": {
        "0": {
            "vel": 0.7712209224700928,
            "lane": 1,
            "dst": 1,
            "theta": 4.8162760734558109
        },
        "1": {
            "vel": 0.5796756744384766,
            "lane": 0,
            "dst": 0,
            "theta": 2.1334500312805177
        },
        "2": {
            "vel": 0.09657526016235352,
            "lane": 3,
            "dst": 1,
            "theta": 1.6357160806655884
        },
        "3": {
            "vel": 0.2332422137260437,
            "lane": 4,
            "dst": 0,
            "theta": 3.4332666397094728
        },
        "4": {
            "vel": 0.21260708570480348,
            "lane": 4,
            "dst": 2,
            "theta": 4.490398406982422
        },
        "5": {
            "vel": 0.8905153870582581,
            "lane": 0,
            "dst": 0,
            "theta": 4.6060285568237309
        },
        "6": {
            "vel": 0.12204444408416748,
            "lane": 3,
            "dst": 0,
            "theta": 1.0241060256958008
        },
        "7": {
            "vel": 0.812732458114624,
            "lane": 1,
            "dst": 1,
            "theta": 2.228116035461426
        },
        "8": {
            "vel": 0.8242775201797485,
            "lane": 0,
            "dst": 2,
            "theta": 4.542912483215332
        },
        "9": {
            "vel": 0.3233552575111389,
            "lane": 2,
            "dst": 3,
            "theta": 5.571635723114014
        },
        "10": {
            "vel": 0.23294955492019654,
            "lane": 3,
            "dst": 1,
            "theta": 1.1308059692382813
        },
        "11": {
            "vel": 0.25298506021499636,
            "lane": 3,
            "dst": 3,
            "theta": 5.58046817779541
        },
        "12": {
            "vel": 0.15033048391342164,
            "lane": 2,
            "dst": 1,
            "theta": 4.098332405090332
        },
        "13": {
            "vel": 0.24435293674468995,
            "lane": 0,
            "dst": 1,
            "theta": 4.874179363250732
        },
        "14": {
            "vel": 0.07165586948394776,
            "lane": 0,
            "dst": 2,
            "theta": 0.6058078408241272
        },
        "15": {
            "vel": 0.7479909062385559,
            "lane": 0,
            "dst": 0,
            "theta": 2.483041524887085
        },
        "16": {
            "vel": 0.5688861012458801,
            "lane": 0,
            "dst": 2,
            "theta": 4.301345348358154
        },
        "17": {
            "vel": 0.09216117858886719,
            "lane": 4,
            "dst": 1,
            "theta": 1.4368711709976197
        },
        "18": {
            "vel": 0.35614287853240969,
            "lane": 2,
            "dst": 0,
            "theta": 1.2606139183044434
        },
        "19": {
            "vel": 0.28366321325302126,
            "lane": 0,
            "dst": 1,
            "theta": 5.271817207336426
        },
        "20": {
            "vel": 0.28357309103012087,
            "lane": 0,
            "dst": 1,
            "theta": 5.171899318695068
        },
        "21": {
            "vel": 0.03221625089645386,
            "lane": 3,
            "dst": 0,
            "theta": 4.687912464141846
        },
        "22": {
            "vel": 0.5120366215705872,
            "lane": 4,
            "dst": 3,
            "theta": 1.1028774976730347
        },
        "23": {
            "vel": 0.40514254570007326,
            "lane": 3,
            "dst": 2,
            "theta": 2.0297322273254396
        },
        "24": {
            "vel": 0.2662609815597534,
            "lane": 2,
            "dst": 1,
            "theta": 4.581975936889648
        },
        "25": {
            "vel": 0.607823371887207,
            "lane": 3,
            "dst": 2,
            "theta": 0.6927743554115295
        },
        "26": {
            "vel": 0.977762758731842,
            "lane": 2,
            "dst": 3,
            "theta": 3.2022104263305666
        },
        "27": {
            "vel": 0.44435369968414309,
            "lane": 0,
            "dst": 3,
            "theta": 5.347288131713867
        },
        "28": {
            "vel": 0.12268239259719849,
            "lane": 0,
            "dst": 0,
            "theta": 3.8492724895477297
        },
        "29": {
            "vel": 0.24505800008773805,
            "lane": 0,
            "dst": 3,
            "theta": 3.7896759510040285
        }
    }
}